{
  "schemaVersion": 1,
  "id": "hitbox-expander",
  "version": "1.0.0",
  "name": "Hitbox Expander",
  "description": "Увеличивает хитбокс игрока для более легкого попадания",
  "authors": ["devmark"],
  "environment": "*",

  "entrypoints": {
    "main": ["dev.mark.hitbox.HitboxMod"],
    "client": ["dev.mark.hitbox.client.HitboxClient"]
  },

  "mixins": [
    "hitbox-expander.mixins.json"
  ],

  "depends": {
    "fabricloader": ">=0.14.0",
    "fabric-key-binding-api-v1": "*",
    "fabric-rendering-v1": "*",
    "minecraft": "1.20.1",
    "java": ">=17"
  }
}
