{
  "mappings": {
    "dev/mark/hitbox/mixin/EntityMixin": {
      "calculateDimensions": "Lnet/minecraft/class_1297;method_18382()V"
    },
    "dev/mark/hitbox/mixin/LivingEntityMixin": {
      "getBoundingBox": "Lnet/minecraft/class_1309;method_24833(Lnet/minecraft/class_4050;)Lnet/minecraft/class_238;"
    },
    "dev/mark/hitbox/mixin/PlayerEntityMixin": {
      "getDimensions": "Lnet/minecraft/class_1657;method_18377(Lnet/minecraft/class_4050;)Lnet/minecraft/class_4048;"
    }
  },
  "data": {
    "named:intermediary": {
      "dev/mark/hitbox/mixin/EntityMixin": {
        "calculateDimensions": "Lnet/minecraft/class_1297;method_18382()V"
      },
      "dev/mark/hitbox/mixin/LivingEntityMixin": {
        "getBoundingBox": "Lnet/minecraft/class_1309;method_24833(Lnet/minecraft/class_4050;)Lnet/minecraft/class_238;"
      },
      "dev/mark/hitbox/mixin/PlayerEntityMixin": {
        "getDimensions": "Lnet/minecraft/class_1657;method_18377(Lnet/minecraft/class_4050;)Lnet/minecraft/class_4048;"
      }
    }
  }
}